stratum,eligible_n,stroke_yes_n,stroke_no_n,weighted_prevalence
Overall,5559,273,5286,0.033522163737038285
Female,2863,137,2726,0.03796519624636194
Male,2696,136,2560,0.028734278518514126
